{"Loss": 5.693471783085873, "ACC": 0.8966, "NMI": 0.9353488164275074, "PUR": 0.8966, "EPOCH": 108, "_timestamp": 1718204478.5675926, "_runtime": 95.5183835029602, "_step": 8, "_wandb": {"runtime": 96}}