{"Loss": 4.740297367698268, "ACC": 0.9946, "NMI": 0.9843822403319928, "PUR": 0.9946, "EPOCH": 99, "_timestamp": 1718208745.1843688, "_runtime": 44.29155373573303, "_step": 99, "_wandb": {"runtime": 43}}