{"Loss": 7.106876749741404, "EPOCH": 103, "ACC": 0.7618, "NMI": 0.7927011005718767, "PUR": 0.768, "_timestamp": 1718204616.749715, "_runtime": 56.93697810173035, "_step": 3, "_wandb": {"runtime": 59}}