{"Loss": 1.568842453834338, "ACC": 0.9883, "NMI": 0.9721476975859249, "PUR": 0.9883, "EPOCH": 99, "_timestamp": 1718209150.698894, "_runtime": 136.5988130569458, "_step": 99, "_wandb": {"runtime": 135}}