{"Loss": 5.8966701156214665, "EPOCH": 107, "_timestamp": 1718204752.7267036, "_runtime": 87.49189257621765, "_step": 107, "ACC": 0.8904, "NMI": 0.9260839287516762, "PUR": 0.8904, "_wandb": {"runtime": 90}}