{"Loss": 4.70031412024247, "ACC": 0.9938, "NMI": 0.9823356398682594, "PUR": 0.9938, "EPOCH": 99, "_timestamp": 1718205313.887854, "_runtime": 43.97823715209961, "_step": 99, "_wandb": {"runtime": 42}}