{"Loss": 4.725436536889327, "ACC": 0.9936, "NMI": 0.9818319772100311, "PUR": 0.9936, "EPOCH": 49, "_timestamp": 1718203707.7630582, "_runtime": 78.90605926513672, "_step": 49, "_wandb": {"runtime": 77}}