{"Loss": 9.116758446944388, "ACC": 0.4746, "NMI": 0.5201763995037713, "PUR": 0.4994, "EPOCH": 1, "_timestamp": 1718205223.612145, "_runtime": 37.64858603477478, "_step": 1, "_wandb": {"runtime": 39}}