{"Loss": 4.73710476724725, "ACC": 0.9938, "NMI": 0.9823356398682594, "PUR": 0.9938, "EPOCH": 136, "_timestamp": 1718205145.6278846, "_runtime": 257.8669066429138, "_step": 36, "_wandb": {"runtime": 257}}