{"Loss": 1.5727777144847772, "ACC": 0.9855, "NMI": 0.9689099411167091, "PUR": 0.9855, "EPOCH": 99, "_timestamp": 1718207118.177815, "_runtime": 136.55718207359314, "_step": 99, "_wandb": {"runtime": 135}}